File,Description
nh_10.tif,ISD POT-PP non-hurricane wind map. MRI 10 years
nh_20.tif,ISD POT-PP non-hurricane wind map. MRI 20 years
nh_50.tif,ISD POT-PP non-hurricane wind map. MRI 50 years
nh_100.tif,ISD POT-PP non-hurricane wind map. MRI 100 years
nh_250.tif,ISD POT-PP non-hurricane wind map. MRI 250 years
nh_500.tif,ISD POT-PP non-hurricane wind map. MRI 500 years
nh_700.tif,ISD POT-PP non-hurricane wind map. MRI 700 years
nh_1000.tif,ISD POT-PP non-hurricane wind map. MRI 1000 years
nh_1700.tif,ISD POT-PP non-hurricane wind map. MRI 1700 years
nh_3000.tif,ISD POT-PP non-hurricane wind map. MRI 3000 years
nh_7000.tif,ISD POT-PP non-hurricane wind map. MRI 7000 years
isd_combined_4326_10_st.tif,ISD final wind map (hurricane + non-hurricane). MRI 10 years
isd_combined_4326_20_st.tif,ISD final wind map (hurricane + non-hurricane). MRI 210 years
isd_combined_4326_50_st.tif,ISD final wind map (hurricane + non-hurricane). MRI 50 years
isd_combined_4326_100_st.tif,ISD final wind map (hurricane + non-hurricane). MRI 100 years
isd_combined_4326_250_st.tif,ISD final wind map (hurricane + non-hurricane). MRI 250 years
isd_combined_4326_500_st.tif,ISD final wind map (hurricane + non-hurricane). MRI 500 years
isd_combined_4326_700_st.tif,ISD final wind map (hurricane + non-hurricane). MRI 700 years
isd_combined_4326_1000_st.tif,ISD final wind map (hurricane + non-hurricane). MRI 1000 years
isd_combined_4326_1700_st.tif,ISD final wind map (hurricane + non-hurricane). MRI 1700 years
isd_combined_4326_3000_st.tif,ISD final wind map (hurricane + non-hurricane). MRI 3000 years
isd_combined_4326_7000_st.tif,ISD final wind map (hurricane + non-hurricane). MRI 7000 years
